CODICEIDENTIFICATIVOFARMACIA,street,housenumber,DESCRIZIONEFARMACIA,PARTITAIVA,CAP,city,DATAINIZIOVALIDITA,lat,lng
5478,Piazzale Valmaura, 11,SERDOZ SNC,01222990325,34148,TRIESTE,01/01/2013,45.6260149,13.7951816
5479,Piazza Guglielmo Oberdan, 2,COMUNALE  - AL CEDRO,00210240321,34122,TRIESTE,01/01/2005,45.6539887,13.7754037
5480,Piazza San Giovanni, 5,DE LEITENBURG DI MARIA MODUGNO,01133710325,34122,TRIESTE,01/12/2007,45.6512315,13.7762868
5481,Aurisina, 106/f,"FARMACIA SAN ROCCO DEI DOTTORI CIANA DONATELLA, MARASPIN MARINA, NACCI STEFANO - S.N.C.",01280870328,34011,DUINO-AURISINA,01/07/2017,45.7501145,13.6726773
5482,Via Lorenzo Bernini, 4,PENSO PAOLO,01051330320,34131,TRIESTE,01/01/2005,45.6453884,13.7768708
5483,Piazzale Monte Re, 3/2,FARMACIA ALL'OBELISCO DI DANIELA LOGAR,01121340325,34151,TRIESTE,01/07/2017,45.6860973,13.7879671
5484,Via Giulia, 14,ALL'AMAZZONE TRIONFANTE SNC,00854770328,34126,TRIESTE,01/01/2005,45.6542145,13.7872513
5485,Corso Italia, 14,AL CORSO,00112890322,34121,TRIESTE,01/01/2005,45.6499089,13.7731777
5486,Via Tor San Piero, 2,ALL'AQUILA IMPERIALE,00888590320,34135,TRIESTE,01/01/2005,45.6616095,13.7715092
5487,Via dellIstria, 33,ALLA SANTA MARIA MADDALENA,01223910322,34137,TRIESTE,01/07/2017,45.6401165,13.7829218
5488,Largo Sidney Sonnino, 4,FARMACIA AL SAN GIUSTO S.N.C. DEL DR. ZUCCHERI & C.,01289570325,34138,TRIESTE,01/07/2017,45.6446785,13.7825552
5489,Via Roma, 16,BIASOLETTO - ALL'ORSO NERO,00774490320,34132,TRIESTE,01/01/2005,45.6524743,13.7722558
5490,Piazza Venezia, 2,AL SANT'ANDREA,00508900321,34123,TRIESTE,01/01/2005,45.6466326,13.7624633
5491,Via di Servola, 44,AL SAN LORENZO,00637410325,34146,TRIESTE,01/03/2013,45.625733,13.7822937
5492,Via Umberto Felluga, 46,SAN LUIGI,01099100321,34142,TRIESTE,01/01/2008,45.6475012,13.7960697
5493,Via Silvio Pellico, 1,Farmacia Rovis All'Angelo D'Oro Dott. Adriano Pegan - S.r.l.,01303840324,34122,TRIESTE,01/01/2018,45.6494322,13.776556
5494,Largo Piave, 2,ALLA MADONNA DEL MARE,00570230326,34133,TRIESTE,01/01/2005,45.6538093,13.7781704
5495,Via Giuseppe Mazzini, 43,ALLA TESTA D'ORO,00747530327,34122,TRIESTE,01/01/2005,41.4677934,12.9086519
5496,Via Rossetti," 33 Ang. Via Buonarrotti, 11",FARMACIE ZAMBONI SNC DEI D.RI MARCO E VITTORIO ZAMBONI -AL CENTAURO,01222510321,34125,TRIESTE,01/07/2017,,
5497,Largo S. Vardabasso, 1,AI GEMELLI DELLA DR.SSA BIANCA MARIA ACANFORA,01171260324,34148,TRIESTE,01/03/2013,,
5498,Bagnoli della Rosandra, 64,VALROSANDRA della DR. MILENA RUSTIA e C. SAS,01162110322,34018,SAN DORLIGO DELLA VALLE,01/03/2013,45.6145125,13.8588573
5499,Via Antonio Baiamonti, 52,Farmacia Baiamonti Delle Dott.sse Paola E Marina Casaretto S.n.c.,01231120328,34145,TRIESTE,01/06/2018,45.6302501,13.7881707
5500,Via Flavia Di Aquilinia, 39/c,Farmacia Aquilinia,01300740329,34147,MUGGIA,01/12/2017,45.6068374,13.8081723
5501,Piazzale Vincenzo Gioberti, 8/F,"FARMACIE ZAMBONI SNC DEI DR.I MARCO E VITTORIO ZAMBONI - ""AL GALENO""",01222510321,34128,TRIESTE,01/07/2017,45.6561233,13.805287
5502,Via Costalunga, 318/a,COSTALUNGA,01110080320,34149,TRIESTE,01/01/2008,45.6267177,13.8054878595441
5503,Via Pietro Mascagni, 2,FLAVIA  DEI DOTTORI PIERPAOLO TORRESINIE FULVIO MAREGA SNC,01274290327,34148,TRIESTE,01/02/2016,45.6218558,13.8000361
5504,Via Roma, 15,ALL'ESCULAPIO,01136270327,34132,TRIESTE,01/01/2008,45.6533229,13.7729617
5505,Via Dante Alighieri, 7,ALLA MADONNA - FARMACIE NERI DI ANDREA E BRUNO NERI-,00833350325,34122,TRIESTE,01/03/2013,45.6513156,13.7743393
5506,Via Lionello Stock, 9,FARMACIA SPONZA DELLA DOTT.SSA M.T.CADORE & C. SNC,01288640327,34135,TRIESTE,01/07/2017,45.665072,13.7711161
5507,Piazza della Borsa, 12,FARMACIA ALLA BORSE SNC DI CONFORTINI U. E RODOLFI P.,01059710325,34121,TRIESTE,01/01/2016,45.6505451,13.7708069
5508,Via Fernetti, 14,FERNETTI,00573230323,34016,MONRUPINO,01/03/2013,45.6985379,13.8320473
5509,Via Curiel, 7/B,FUMANERI & C. s.n.c.,01181670322,34148,TRIESTE,01/08/2010,,
5510,Via Brunner, 14,AI DUE LUCCI DI RAFFAELLA LJUBA PINES CAVEDON,01213470329,34125,TRIESTE,01/07/2017,45.6506118,13.7823855
5511,Via dellIstria, 18,ALL'ALABARDA,00797810322,34137,TRIESTE,01/01/2005,45.6416859,13.7814271
5512,Via Commerciale, 21,ALLA CROCE AZZURRA,00288950322,34134,TRIESTE,01/01/2005,45.6646157,13.7831738
5513,Strada per Longera, 172,GUARDIELLA,01158980324,34128,TRIESTE,01/09/2010,45.6500654,13.8154984
5514,Piazza Liberta, 6,ALLA GIUSTIZIA di BALDASSARE ALESSANDRO,01167820321,34135,TRIESTE,01/03/2013,,
5515,Via delle Settefontane, 39,RUBINO SNC,01162910325,34141,TRIESTE,01/06/2009,45.6424401,13.7876292
5516,Piazza DellOspedale, 8,Farmacia Al Samaritano Del Dott. Matteo Bartoli S.r.l.,01310340326,34129,TRIESTE,01/06/2018,,
5517,Via Prosecco, 161,MODERNA DELLA DR.SSA BARBARA CASULA,01197550328,34017,TRIESTE,01/09/2011,45.7080969,13.7319902
5518,Via Alfredo Oriani, 2,PICCIOLA ALLA CROCE BIANCA DEL DOTT. GIORGIO DU BAN & C. SNC,00855070322,34129,TRIESTE,01/03/2015,45.6472661,13.7797952
5519,Piazzale Foschiati, 4/A,ALLA MARINA DELLA DOTT.SSA MONICA CANDIANI,01282730322,34015,MUGGIA,01/07/2017,,
5520,Via Sistiana, 45,FURIGO FRANCESCA,01095680326,34019,DUINO-AURISINA,01/06/2006,45.7718562,13.6371497
5521,Via San Giusto, 1,ALLA BASILICA,00525280327,34124,TRIESTE,01/01/2005,45.645379,13.7726328
5522,Viale Miramare, 177,"MIANI ""AL SAN BORTOLO""",01265930329,34136,TRIESTE,01/07/2017,45.6798613,13.7543024
5523,Viale XX Settembre, 6,COMUNALE - AL CAMMELLO,00210240321,34125,TRIESTE,01/01/2005,45.6516529,13.7783924
5524,Capo di Piazza Mons. Santin, 2,AI DUE MORI,00066270323,34100,TRIESTE,01/01/2005,,
5525,Via Pasquale Revoltella, 41,G.B. BUSOLINI DI FRANCESCA BUSOLINI,01255650325,34139,TRIESTE,01/07/2017,45.6420454,13.7969152
5526,Via Cavana, 11,AL CASTORO,00756580320,34124,TRIESTE,01/07/2017,,
5527,Via Ginnastica, 6,ALL'IGEA DOTT. GIUSEPPE TOMSICH & C SNC,01193100326,34125,TRIESTE,01/05/2011,,
5528,Via Mazzini, 1/A,SAN ROCCO -FARMACIE NERI DI ANDREA E BRUNO NERI SNC,00833350325,34015,MUGGIA,01/09/2010,,
5529,Campo San Giacomo, 1,PATUNA,00807160320,34137,TRIESTE,01/01/2005,45.6434551,13.7793933
5530,Via Cavana, 1,AL REDENTORE SNC,01045940325,34121,TRIESTE,01/01/2005,,
5531,Via Giulia, 1,ALLA SALUTE SNC,00897860326,34126,TRIESTE,01/01/2005,45.6533859,13.7824149
5532,Piazza Giuseppe Garibaldi, 4,ALLA REDENZIONE SNC,01158460327,34131,TRIESTE,01/03/2013,45.6458792,13.7803356
5533,Via Carlo Combi, 17,CAMPI ELISI SNC,00918880329,34143,TRIESTE,01/01/2005,45.6412583,13.7652307
5534,Piazza Virgilio Giotti, 1,ALLA MINERVA,01078460324,34133,TRIESTE,01/05/2012,45.6537323,13.7799503
5535,Via dellOrologio, 6,AL LLOYD,00952970325,34121,TRIESTE,01/01/2005,45.6492948,13.7668564
5536,Via Fabio Severo, 122,ALL'UNIVERSITA',00958310328,34127,TRIESTE,01/01/2005,45.6589455,13.790166
5537,Via Alpi Giulie, 2,ALTURA,00962700324,34149,TRIESTE,01/01/2008,45.62718875,13.8184360798233
5538,Via Piccardi, 16,ALLA FONTANA IMPERIALE SNC,00976660324,34141,TRIESTE,01/01/2005,45.6467979,13.7871058
5539,Via Gruden, 27,AL CARSO,00977910322,34012,TRIESTE,01/09/2010,45.6411685,13.8618298
5540,Via Belpoggio, 4,AL GIGLIO DELLA DR.SSA PATRIZIA LIGI,01191700325,34123,TRIESTE,01/09/2011,45.6450804,13.7603214
5541,Via di Prosecco, 3,CERMELJ,01023730326,34016,TRIESTE,01/03/2013,45.6914568,13.7891081
5542,Via Louise Pasteur, 4/1,MELARA BIANCHI PATRIZIA,01033110329,34139,TRIESTE,01/01/2005,,
5543,Campo Sacro, 1,SCOLARIS S.N.C.,01287910325,34010,SGONICO,01/07/2017,45.7151976,13.7277286
5544,Largo Osoppo, 1,"RUBINO SNC ""DI GRETTA""",01162910325,34136,TRIESTE,01/09/2009,45.669393,13.7669981
5545,Via Aquileia, 89,FARMACIA SPANGHERO DR. LUCIANO S.N.C.,01179020316,34070,TURRIACO,01/07/2017,45.8173228,13.4440915
5546,Via Aquileia, 53,COMUNALE N.1 MONFALCONE,00123030314,34074,MONFALCONE,01/01/2005,45.8081806,13.5214735
5547,Via Marina, 1,MADONNA DI BARBANA DELLA DR.SSA LEDRI & C. SNC,00466550316,34073,GRADO,01/05/2013,45.6771309,13.3856597
5548,Via Manzoni, 159,CINQUETTI DR.SSA PAOLA & C. SNC,01162650319,34070,MARIANO DEL FRIULI,01/07/2017,,
5549,Via Romana, 93,SANT'ANTONIO - DR. VITTORI,00531760312,34074,MONFALCONE,01/01/2005,45.8048515,13.5481302
5550,Via Matteotti, 13,ALLA MADONNA SNC DELLA DOTT.SSA GIULIANA SCOLARIS E DOTT. ALBERTO MORASSI,01167310315,34071,CORMONS,01/07/2017,,
5551,Via Enrico Toti, 52,TACCHINO ISABELLA,00521930313,34074,MONFALCONE,01/09/2010,45.8079567,13.538128
5552,Piazza Repubblica, 16,CENTRALE DI MODONUTTI ANTONIO,01168890315,34074,MONFALCONE,01/07/2017,,
5553,Via Colombo,,COMUNALE GRADO,-,34073,GRADO,01/01/2005,45.6777501,13.3923661
5554,Via San Michele, 104,COMUNALE N.1,-,34170,GORIZIA,01/01/2005,45.9109527,13.5902456
5555,Via Montesanto, 18,FARMACIA SAN ROCCO DR. LABAGNARA SIMONETTA,00552550311,34070,VILLESSE,01/08/2007,,
5556,Via Dante, 58,FORNASIN FRANCESCA,00533060315,34072,FARRA DISONZO,01/09/2010,,
5557,Via Roma, 13,AL LAGO DELLE DR.SSE PAOLA ANTONAZ & ANNALISA VESCOVI,01069420311,34070,DOBERDO DEL LAGO,01/05/2011,45.8447836,13.5403878
5558,Via I^ Maggio, 32,ROJEC MARCO,00467250312,34070,SAVOGNA DISONZO,01/01/2005,,
5559,Via Pr� Guido Maghet, 1,S. Antonio Di Faro Di Leghissa & Giuffrida R. Snc,00530350313,34071,CORMONS,01/07/2017,,
5560,Corso Giuseppe Verdi, 57,AL GIARDINO - BALDINI TIZIANA,00440510311,34170,GORIZIA,01/01/2005,45.9451801,13.6220588
5561,Via Garibaldi, 3,ALLA STAZIONE,02866790278,34077,RONCHI DEI LEGIONARI,01/01/2005,,
5562,Piazza Venezia, 15,Farmacia Rampino S.n.c.,01184330312,34075,SAN CANZIAN DISONZO,01/09/2017,45.7966511,13.4647863
5563,Via Manlio, 14/A-B,COMUNALE N.2 MONFALCONE,-,34074,MONFALCONE,01/01/2005,,
5564,Via Garzarolli, 154,COMUNALE N.2,-,34170,GORIZIA,01/01/2005,45.9297474,13.6180103
5565,Via Don Bosco, 175,AL PONTE SNC,01018840312,34170,GORIZIA,01/09/2010,45.9556868,13.6147854
5566,Via Oliviers, 41,MORETTI ELISABETTA,00386870315,34070,MOSSA,01/01/2005,,
5567,Corso Italia, 89,AL CORSO,00488360314,34170,GORIZIA,01/01/2005,45.9397502,13.6151395
5568,Via IX Giugno, 36,AL REDENTORE,00558510319,34074,MONFALCONE,01/01/2005,,
5569,Via Crispi, 23,TRAMONTANA ISABELLA,01707970602,34170,GORIZIA,01/04/2007,,
5570,Via Roma, 18,ALL'ANGELO SNC,01070000318,34077,RONCHI DEI LEGIONARI,01/01/2008,45.8266539,13.5004015
5571,Via Udine, 2,ALLA MADONNA DI MONTESANTO DELLA DR.SSA SORC ALENKA & C. SNC,00547980318,34070,GORIZIA,01/03/2013,45.9362343,13.5748559
5572,Via I Maggio, 92,S. NICOLO' DI OLIVETTI ANNA & C. SNC,01146500317,34074,MONFALCONE,01/07/2017,,
5573,Via Trieste, 13,"SAN PIETRO E PAOLO-DR.I TANI MARTA LUISA, ZANARDI FRANCO E MARIA T.SNC",01045480314,34079,STARANZANO,01/09/2010,45.8056711,13.506647
5574,Via Xxv Aprile, 25,Farmacia Visintin Di San Pier D'Isonzo,01079410310,34070,SAN PIER DISONZO,01/09/2017,,
5575,Via Carducci, 40,Farmacia Al Moro Del Dott. Fulvio Alesani S.a.s.,01187660319,34170,GORIZIA,01/02/2018,,
5576,Via Latina, 77,ALLA MADONNA DEL DOTT. RUGGERO DEL TORRE SAS,00485560312,34076,ROMANS DISONZO,01/09/2010,45.8910777,13.4425382
5577,Piazza San Francesco, 4,D'UDINE,00517880316,34170,GORIZIA,01/01/2005,,
5578,Via Redipuglia, 77,DI MARINO MARIA CLARA SNC,01024560318,34070,FOGLIANO REDIPUGLIA,01/01/2008,45.8423122,13.4915914
5579,Piazza Montesanto, 1,SORC GIORGIO,00121060313,34070,SAN LORENZO ISONTINO,01/01/2005,45.9301331,13.527416
5580,Via Ciotti, 26,ALLA QUERCIA DELLA DOTT. PIANI E C. SAS,00344890314,34072,GRADISCA DISONZO,01/07/2017,,
5581,Via Callisto Cosulich, 117,FARMACIA STORICA DELLA DOTT.SSA CONSUELO QUARINA,01183270311,34074,MONFALCONE,01/07/2017,45.7993153,13.5326414
5582,Via Manzano, 6,AL REDENTORE DI STACUL ROBERTA,01113290314,34071,CORMONS,01/03/2011,46.0448221,13.4067768
5583,Via Dante, 41,LUCIANI VITTORIO,01055280315,34078,SAGRADO,01/01/2005,,
5584,Corso Italia, 10,FARMACIA ALL'ORSO BIANCO S.N.C. DELLA DOTT.SSA CARLA TAVASANI & C.,01179000318,34170,GORIZIA,01/07/2017,45.9421783,13.6195571
5585,Via Oberdan, 3,ALL'ORSO BRUNO - PROVVIDENTI DOTT.SSA LAURA,00486470313,34170,GORIZIA,01/12/2014,,
5586,Via Roma, 6,SOMMA MARIA VITTORIA,00052680303,33022,ARTA TERME,01/01/2005,46.4727156,13.022901
5587,Via Nazionale, 79,MARINI MARIA LUISA,00478300304,33020,ENEMONZO,01/01/2005,46.409381,12.8780967
5588,Via Divisione Julia, 15,CONS MANUELA,01839990304,33013,GEMONA DEL FRIULI,01/09/2010,46.069571,13.232078
5589,VIA DELLA CHIESA, 13/B,SAN GALLO DR. LORENZO MIOLLI E C SAS,02692250307,33015,MOGGIO UDINESE,01/05/2012,,
5590,Via Fabris, 5,ANTICA FARMACIA FABRIS DI CARLO E MARINA FABRIS SNC,02433120306,33010,OSOPPO,01/09/2010,46.256513,13.0813886
5591,Via Caduti Due Maggio, 121,SORAVITO GIORGIO,00085520302,33025,OVARO,01/01/2005,46.4821609,12.8658825
5592,PIAZZA BERNARDINO NASCIMBENI, 14,ROMANO,02768240307,33027,PAULARO,01/01/2005,46.5303329,13.1164438
5593,Via Roma, 39,Farmacia Dott. Candussi Daniele Sas,02916480300,33016,PONTEBBA,01/04/2018,46.5043725,13.3055756
5594,VIA ROMA, 1,COMUNALE RESIA,00498700301,33010,RESIA,01/01/2005,46.3733233,13.3059743
5595,VIA ROMA, 18,SPALIVIERO FRANCESCO & C. SNC,02440440309,33018,TARVISIO,01/09/2010,46.5053963,13.5762461380337
5596,Via Matteotti, 8/A,CHIUSSI DEI DOTT.RI PAOLO & SERENA CHIUSSI,02552930303,33028,TOLMEZZO,01/03/2013,,
5597,PIAZZA UNITA DITALIA, 1,LENARDON MARCELLA,02546690302,33010,TRASAGHIS,01/09/2010,46.2820209,13.075743
5598,Via Menis, 2,ZAPPETTI DEI DOTT.RI MARZIA E MARCO FURLAN,02638730305,33011,ARTEGNA,01/07/2017,46.2381932,13.1557705
5599,VIA C. BATTISTI, 5,DE PRATO DI DE PRATO LUCA & C. SNC,02592540302,33029,VILLA SANTINA,01/03/2013,,
5600,Via Roma, 66/B,ALL'ANGELO DR. FRANCESCO PIAZZA,04722250281,33020,AMARO,01/07/2017,46.373768,13.096513
5601,Via Roma, 1,PALCI GIANFRANCO,00174720300,33020,FORNI AVOLTRI,01/01/2005,46.5861516,12.7762712
5602,Via Roma, 15,BRUNETTI PATRIZIA,01248820308,33020,TREPPO CARNICO,01/01/2005,46.5329693,13.0420019
5603,Via Statale, 5,ALFARE' LUCIANA,01258980307,33023,COMEGLIANS,01/03/2013,46.5135064,12.8670047
5604,Piazza XXII Luglio 1944, 11,VISINI DI ALESSANDRO KASPAR & C. SNC,00442810305,33020,SUTRIO,01/07/2017,,
5605,Via Tagliamento, 50,ALLA MADONNA DE CLAUSER A.& C.SNC,02396320307,33013,GEMONA DEL FRIULI,01/09/2010,46.2791228,13.1264082
5606,-,,BORGNA ANTONELLA,01538440304,33020,PRATO CARNICO,01/01/2005,,
5607,Piazza Garibaldi, 3,BISSALDI CHIARA,03750240289,33013,GEMONA DEL FRIULI,01/09/2010,,
5608,PIAZZA GIUSEPPE GARIBALDI, 20,TOSONI ADRIANO,01639860301,33028,TOLMEZZO,01/01/2005,46.4069816,13.0141621
5609,Via Roma, 43,LOVROVICH,02663580302,33010,BORDANO,01/03/2013,46.3155819,13.1034438
5610,-,,EREDI MUZZOLINI,00678680307,33029,LAUCO,01/03/2013,46.4238601639863,12.9177441781108
5611,VIA EDELWEISS, 7,VELARDITA,00821460300,33020,RAVASCLETTO,01/07/2017,46.5254998,12.9221041
5612,Piazza Durigon, 23,SECCHIERO SAMUELE,02671670301,33020,RIGOLATO,01/07/2017,46.5525313,12.8521943
5613,Via Zorutti, 2/1,RUSSO RICCARDO,05307540657,33020,CAVAZZO CARNICO,01/07/2017,,
5614,VIA ROMA, 22/A,DANELON GIUDITTA,01861070306,33020,SOCCHIEVE,01/01/2005,46.4036207,12.8233292
5615,VIA MISTRUZZI, 18,MARCON FRANCESCA,01951170305,33010,VENZONE,01/01/2005,46.334478,13.1399742
5616,Via Nazionale 164,,VARMOST SAS,02709210302,33024,FORNI DI SOPRA,01/07/2017,46.423923,12.5784363
5617,Piazza Pieroni, 2,CAMAGNA SERENA,10534370019,33010,CHIUSAFORTE,01/02/2013,46.4082647,13.3104965
5618,Piazza Zona Libera 1944, 8,Ampezzo Della Dr.ssa Francesca Siega,02538860301,33021,AMPEZZO,01/11/2017,46.4162645,12.7943259
5619,Via Roma, 46,S. NICOLO' DEL DR. ALBERTO MORANDINI & C. SAS,02495100303,33026,PALUZZA,01/09/2010,46.5281992,13.0153152
5620,Via Pontebbana, 14,GUARASCI ROBERTA,02407490305,33010,MALBORGHETTO VALBRUNA,01/10/2015,46.5046864,13.4188731
5621,Via Divisione Julia, 16,SABBADINI FRANCO E MONICA SNC,02326190309,33042,BUTTRIO,01/01/2005,46.0138194,13.3312794
5622,Viale Trieste, 3,FONTANA SNC,01831240302,33043,CIVIDALE DEL FRIULI,01/01/2005,46.089095,13.4339277
5623,Largo Municipio, 18,DI FANT DR ILCA,02620910303,33030,COSEANO,01/03/2011,46.0965551,13.0188222
5624,Piazza Indipendenza, 2,COMUZZI FRANCO,00088540307,33010,TAVAGNACCO,01/01/2005,46.1011696,13.2145705
5625,Via Lungolavia, 7/8,COLUSSI ERMINIA E ANNA SNC,02776050300,33035,MARTIGNACCO,01/07/2017,46.0975438,13.1354159
5626,VIA UDINE, 3,MIGLIORINI BALDESI S.A.S. DEL DR. PIETRO MIGLIORINI BALDESI,02242040513,33010,PAGNACCO,01/07/2017,46.1168163,13.1937961
5627,Via S. Caterina, 24,Farmacia Termini Del Dott. Lucio Termini & C. S.n.c.,02918770302,33037,PASIAN DI PRATO,01/05/2018,,
5628,PIAZZA LIBERTA, 3,BOSCHETTI DEI DR. BOSCHETTI ANGELO E DONATELLA SNC,02478530302,33040,POVOLETTO,01/09/2007,46.1182388,13.2992147
5629,VIA L. DA VINCI, 6,FARMACIA DR.SSA STELLA ERIKA,02871330300,33048,SAN GIOVANNI AL NATISONE,01/07/2017,,
5630,VIA TOMADINI, 10,PALMA,02565200306,33030,TALMASSONS,01/03/2013,45.9298594,13.1158832
5631,Piazza VERDI, 6,GIORDANI GIORGIO,00297320301,33019,TRICESIMO,01/01/2005,,
5632,Via Pracchiuso, 46,ARIIS LUIGI E ARIS MARIO SNC,00514810308,33100,UDINE,01/07/2017,46.0683521,13.2435247
5633,Via Lombardia, 198/a,ALLA FENICE RISORTA DI ASQUINI ALESSANDRA & C. SAS,02343340309,33100,UDINE,01/05/2016,46.0739824,13.2087275
5634,Piazza della Liberta, 9,ROSSI BELTRAME NICOLETTA,00425180304,33100,UDINE,01/01/2005,46.0630856,13.2358867
5635,Piazza Giuseppe Garibaldi, 10,COLUTTA ANTONIO DEL DR. GIANSANDRO COLUTTA & C. SNC,02442000309,33100,UDINE,01/09/2010,46.0593522,13.23346
5636,Via Giuseppe Mazzini, 13,COLUTTA SNC DOTT. GIANPAOLO & C.,02678760303,33100,UDINE,01/07/2017,46.0665397,13.2317132
5637,Via Poscolle, 10,MANGANOTTI ENRICO,00210720306,33100,UDINE,01/01/2005,46.0616004,13.2321048
5638,Via Cavour, 15,SARTOGO GIORGIO,00160820304,33100,UDINE,01/01/2005,46.0621122,13.234217
5639,Viale Tricesimo, 103,Farmacia Turco,02795120308,33100,UDINE,01/09/2017,46.0894258,13.2326799
5640,VIA RIVIGNANO, 9,MUMMOLO DANIELE,00463340307,33030,VARMO,01/07/2017,45.8849814,12.9931135
5641,Via Roma, 30,PATINI SNC,02435730300,33030,CAMPOFORMIDO,01/09/2007,46.0196679,13.160914
5642,Viale L. da Vinci, 99,FARMACIA LONDERO SAS DEL DOTT. LONDERO JACOPO & C.,02548560305,33100,UDINE,01/01/2016,,
5643,Via Cividale, 294,PELIZZO LUIGI,00023590300,33100,UDINE,01/01/2005,46.0720821,13.2562734
5644,Via Monte Grappa, 79,DEGRASSI - ADL DI DAMINANO DE GRASSI E ANTONIETTA BIASIOLI & C. SNC,02563300306,33100,UDINE,01/06/2009,46.0770222,13.2437834
5645,Via Ippolito Nievo, 55,ZANOLINI ANTONIO,02296700301,33010,COLLOREDO DI MONTE ALBANO,01/07/2017,46.1623707,13.1356784
5646,VIA NUOVA, 43,EREDI DR. ROSSI DI BARBARA ROSSI & C.,02305360303,33030,SAN VITO DI FAGAGNA,01/09/2010,46.0914447,13.0683911
5647,VIA CENTA, 13,LUSSIN PIETRO & ROBERTA SNC,02441790306,33030,MORUZZO,01/09/2007,46.1195213,13.1232893
5648,Via Santo Stefano, 68,RIZZI CARLO,00568670301,33030,BUIA,01/05/2015,46.2074675,13.1253314
5649,Corso Mazzini, 24,FORNASARO  SNC,00994210300,33043,CIVIDALE DEL FRIULI,01/03/2013,,
5650,VIA COLOMBO, 3,BERTUZZI PATRIZIA,00996150306,33010,TREPPO GRANDE,01/01/2005,,
5651,Via Nazionale, 32,MICOLI MANUELA,02467520306,33030,RIVE DARCANO,01/03/2013,46.1126749,13.0136511
5652,VIA DELLA STAZIONE, 21/A,CARUSO CACCIA SNC,01269560304,33050,PAVIA DI UDINE,01/03/2013,45.9760685,13.2612131
5653,Piazza Roma, 36,COMINI FRANCESCA,01273030302,33039,SEDEGLIANO,01/01/2005,46.0136698,12.9761261
5654,Largo Boiani, 11,MINISINI ENRICO,01335880306,33043,CIVIDALE DEL FRIULI,01/01/2005,46.0929477,13.4306393
5655,Via Divisione Julia, 27,Farmacia Pagnucco Dott.ssa Flavia,02438710309,33040,FAEDIS,01/07/2018,46.1521144,13.3474919
5656,VIA ROMA, 81,SZKLARZ MARINA,00490090305,33046,PULFERO,01/01/2005,46.1733092,13.4845059
5657,-,,CORADAZZI CORRADO,02297840304,33010,LUSEVERA,01/10/2010,46.2653931,13.2597973
5658,Cia Zorutto, 6,MONEGHINI SNC DEL DR. MONEGHINI FERDINANDO,02626220301,33040,ATTIMIS,01/03/2013,,
5659,Piazza F.urli, 42,Farmacia Giordani S.a.s. Della Dr.ssa Marianna Urli & C.,02688480306,33010,MAGNANO IN RIVIERA,01/11/2018,,
5660,Via Molin Nuovo, 19,SATTI SANDRO,02008290302,33010,TAVAGNACCO,01/07/2017,46.108499,13.2355521
5661,Viale Forze Armate, 4/10,Farmacia Aurora,02895060305,33100,UDINE,01/10/2017,46.0776217,13.2728166
5662,VIA GIOVANNI MARINELLI, 2,FAVERO SAS DI MICHELE FAVERO E C.,01503290304,33040,PRADAMANO,01/07/2017,46.0322059,13.3034327
5663,Via Ostermann, 10,TOSO LORENZO,02493480301,33033,CODROIPO,01/12/2007,45.9586558,12.9946234
5664,Viale Venezia, 178,DEL TORRE RICCARDO,01495460303,33100,UDINE,01/01/2005,46.0564911,13.2202357
5665,Via XXIV Maggio, 1,GNJEZDA ANDREA,01517540306,33040,PREPOTTO,01/07/2017,,
5666,Via Roma, 25,TERPIN MARIA FRANCA,01503320309,33040,MOIMACCO,01/01/2005,46.0916239,13.3805564
5667,Via Indipendenza, 21,PRESSACCO RITA,01517480305,33030,FLAIBANO,01/03/2013,46.0592529,12.9845565
5668,-,,BERNARDIS RITA,01528480302,33040,STREGNA,01/01/2005,46.0745787,13.5068636
5669,Via Fiore dei Liberi, 11,CARGNELLI AUGUSTO,01590190300,33040,PREMARIACCO,01/01/2005,46.0595782,13.3941205
5670,Piazza Garibaldi, 7,ALLA FENICE RISORTA DI ASQUINI ALESSANDRA & C. SAS,02343340309,33019,TRICESIMO,01/09/2010,,
5671,Via 3 Novembre, 1,SANTORINI PIETRO,01600810301,33031,BASILIANO,01/01/2005,,
5672,Viale Veneto 27/29/31,,BP SNC DI ALESSANDRA FORGIARINI E ROBERTO FRESCO,02070670308,33033,CODROIPO,01/07/2017,45.9651477,12.9681677
5673,Viale Europa, 17,Farmacia Alla Salute Della Dott.ssa Paola Foramitti S.a.s.,02870850308,33050,CASTIONS DI STRADA,01/03/2018,45.9093439,13.1845903
5674,Piazza Libert�, 5,Farmacia Serafini Di Di Lenarda Dr. Renzo,01681870307,33017,TARCENTO,01/07/2017,,
5675,Piazza G. Garibaldi, 112,FARMA 5 S.N.C. DEL DOTT. MATTEO MUMMOLO & C,02663840300,33033,CODROIPO,01/03/2013,,
5676,Via Garibaldi, 9,MARESCHI,01691460305,33038,SAN DANIELE DEL FRIULI,01/03/2013,,
5677,Via Roma, 8,Farmacia Missera S.n.c. Di Franca Missera,02900470309,33045,NIMIS,01/12/2017,46.1998895,13.26501
5678,CALLE SAN GIACOMO, 3,LUCIANI GIULIO,01709000309,33050,LESTIZZA,01/01/2005,45.9554204,13.1422867
5679,Via Mercatovecchio, 22,EREDI CADAMURO,01707610307,33100,UDINE,01/03/2013,46.064299,13.2340467
5680,Piazza Noacco, 16/11,Farmacia Cassacco Dott. Zappetti Elvy Sas,02916490309,33010,CASSACCO,01/05/2018,46.1733968,13.186934
5681,Via Codroipo, 2,PEANO ELENA,00820960300,33030,CAMINO AL TAGLIAMENTO,01/09/2010,45.9271321,12.9460799
5682,Via Pozzuolo, 155,AIELLO ANNA,01750560300,33100,UDINE,01/01/2005,46.0458603,13.2205574
5683,Localit� Crosada, 5,Pascolini Sas Del Dr. Pascolini Francesco,01119040309,33040,TORREANO,01/07/2017,,
5684,Via Cavalleria, 32,TOSOLINI SNC DEI DR.I G. TOSOLINI E R. NADALUTTI,01840770307,33050,POZZUOLO DEL FRIULI,01/03/2013,,
5685,Via Roma, 14,CERUTTI ELENA,01838020301,33030,RAGOGNA,01/01/2005,46.178957,12.978284
5686,Via Villa, 2,PANCINO DEL DR. PANCINO CLAUDIO LUIGI,02495620300,33050,PAVIA DI UDINE,01/12/2016,45.9745553,13.3209131
5687,VIA TRENTO E TRIESTE, 23,ALL'IMMACOLATA SNC DEI DOTTORI MARIO LEONCINI E DONATELLA LIBE',02718920305,33036,MERETO DI TOMBA,01/07/2017,46.0501611,13.0433774
5688,Via Aquileia, 70,ALFARE' GIANCARLO,01915900300,33040,CORNO DI ROSAZZO,01/01/2005,45.9882945,13.4444747
5689,Via Gemona, 78,ZAMBOTTO SAS DEL DOTT. ALESSANDRO BERTASI & C.,01916780305,33100,UDINE,01/03/2013,46.069361,13.234005
5690,-,,D'ALESSANDRO PIERANGELA,00247630304,33040,SAN LEONARDO,01/01/2005,,
5691,Via Alpe Adria, 77,EREDI STRAZZOLINI,01969400306,33049,SAN PIETRO AL NATISONE,01/01/2005,46.1274402,13.4852287
5692,Piazza Missio, 5,ROUSSEL MARIO,01970060305,33047,REMANZACCO,01/03/2013,46.0850185,13.3219847
5693,Via B. De Rubeis, 1,FAVERO SAS DI MICHELE FAVERO E C.,01974250308,33100,UDINE,01/07/2017,,
5694,Via Roma, 37,TROJANI,02046080301,33030,MAJANO,01/01/2005,46.1848004,13.0659335
5695,Via Grap, 22,GIANNELLI MARIA GIUSEPPINA,02062710302,33030,FORGARIA NEL FRIULI,01/01/2005,46.2238443,12.9728393
5696,Via Buttrio, 10,BP DI ALESSANDRA FORGIARINI E ROBERTO FRESCO,02070670308,33100,UDINE,01/07/2017,46.0603008,13.2506707
5697,Via Grazzano, 21,FATTOR - ADL DI DAMIANO DE GRASSI E ANTONIETTA BIASIOLI &C. SNC,02563300306,33100,UDINE,01/06/2009,46.0581441,13.2316148
5698,Piazzetta del Pozzo, 1,NOBILE DEI DR.I FEDERICA E PAOLO NOBILE SNC,02406150306,33100,UDINE,01/09/2010,46.0583633,13.2442277
5699,VIALE TRENTO TRIESTE 105 /D,,PERESSONI DELLA DR.SSA GIULIA &  C. SNC,02550070300,33038,SAN DANIELE DEL FRIULI,01/03/2013,46.1464937,13.0064366
5700,Via Umberto I, 48,ALL'ANGELO RAFFAELE DELLA DR.SSA VIDAL & C. SNC,02118880307,33034,FAGAGNA,01/01/2005,46.1164942,13.0834833
5701,Viale Palmanova, 93,PASINI GIULIANA,02165100302,33100,UDINE,01/01/2005,46.0531275,13.2469486
5702,Via Virco, 14,TILATTI ANNAMARIA,02170200303,33032,BERTIOLO,01/10/2014,45.9425424,13.0581863
5703,Via Foschiani, 21,BRUSUTTI STEFANO E SIMONETTA SNC,02187300302,33044,MANZANO,01/10/2010,45.9901257,13.3846956
5704,Via del Municipio, 10,DE LEIDI MARIANGELA,02189640309,33010,REANA DEL ROIALE,01/10/2010,,
5705,Piazza Matteotti, 5,VITALE ATTILIO,02189660307,33037,PASIAN DI PRATO,01/09/2010,,
5706,VIA SANTO STEFANO, 30,DA RE ALESSANDRO,02194180308,33030,BUIA,01/05/2015,46.2095913,13.1258685
5707,Via del Monte, 6,DEL MONTE DELLA DR.SSA RAFFAELLA GREGORIS & C. SAS,02213210301,33100,UDINE,01/02/2015,46.0636067,13.2341862
5708,Viale Volontari Della Libert�, 42/a,San Marco Del Dr. Sartori Di Borgoricco Ferruccio,02610640308,33100,UDINE,01/07/2017,,
5709,Via Lea DOrlandi 1,,MONTORO FEDERICO,02237140302,33100,UDINE,01/01/2005,46.0288248,13.2562895
5710,Piazza Verdi, 18,Farmacia Stival Dr. Manuele,02249610300,33050,MORTEGLIANO,01/11/2018,,
5711,Via Udine, 10,DURISOTTO ENRICO,02260290305,33030,DIGNANO,01/09/2010,46.0847118,12.9396747
5712,Via Roma, 12,MUGANI SNC,02263880300,33017,TARCENTO,01/01/2005,46.2150613,13.2215139
5713,Via Bariglaria, 230,HARDARDOTTIR SNC,02267120307,33100,UDINE,01/07/2017,46.0914759,13.2681929
5714,Corso Gramsci, 18,CORRADINI D'ELIA DEI DOTTORI ALBERTO E CLAUDIO SNC,02719070308,33051,AQUILEIA,01/07/2017,,
5715,Via Roma, 52,SANT'ANTONIO DI VIDALI DR.  DARIO & C. SAS,02696340302,33052,CERVIGNANO DEL FRIULI,01/07/2017,45.8224647,13.337326
5716,Piazza Unita dItalia, 27,LOVOVRICH GEMMA,02467950305,33052,CERVIGNANO DEL FRIULI,01/03/2013,45.8213494,13.3328946
5717,Calle Annunziata, 67,ALL'IGEA DEI DOR.I CESARE ED ELENA SPAGNOLO SNC,00232830307,33053,LATISANA,01/07/2017,,
5718,BORGO CIVIDALE, 20,FACINI SNC DEI DOTTORI FACINI LUIGI E STEFANO,02695020301,33057,PALMANOVA,01/07/2017,45.9062138,13.3122318
5719,PIAZZA GRANDE, 3,S. NICOLO' DEL DR. MORANDINI ALBERTO  & C. SAS,02495100303,33057,PALMANOVA,01/03/2013,45.9052598,13.3088829
5720,VIA ROMA, 17,BELTRAME GABRIELE,00245120308,33050,SANTA MARIA LA LONGA,01/01/2005,45.9330408,13.2896767
5721,Piazza Libert�, 12,Godeas Alessandro E Flavio Snc,02441650302,33050,RONCHIS,01/07/2017,,
5723,Piazza S. Rocco, 11,CHARALAMBOPOULOS,02802790309,33050,CARLINO,01/07/2017,45.80259195,13.1880222340673
5724,Via Udine, 20,Farmacia Migotti S. & C. S.a.s.,02573770308,33050,PORPETTO,01/03/2018,45.8601838,13.2155515
5725,Via Roma, 15/a,MONEGHINI SNC,02626220301,33050,RUDA,01/01/2015,45.842051,13.3980188
5726,Via Gramsci, 55,ANTICA FARMACIA ALLA MADONNA DELLA SALUTE SNC,02720250303,33050,FIUMICELLO,01/07/2017,,
5727,Piazza Risanamento, 1,Farmacia Persolja Snc Del Dott. Adriano Persolja & C.,02908460302,33050,MARANO LAGUNARE,01/03/2018,,
5728,PIAZZA IV NOVEMBRE, 26,FARMACIA DOTT. AUSILIA BRAIDOTTI,01220540304,33061,RIVIGNANO,01/06/2017,,
5729,Via Ventiquattro Maggio, 1,TRESCA FABRIZIO,01359970306,33041,AIELLO DEL FRIULI,01/01/2005,45.8716784,13.3652611
5730,Via Tolmezzo, 3,DE ROIA PAOLO E FRANCESCO SNC,02233880307,33054,LIGNANO SABBIADORO,01/01/2005,45.6900505,13.1444715
5732,PIAZZA DEL POPOLO, 2,GRIGOLINI RENATA,01437930306,33050,TORVISCOSA,01/01/2005,45.8234724,13.2747486
5733,Via Gorizia, 44,DELBIANCO ITALO,02772410300,33059,VILLA VICENTINA,01/01/2005,45.8207437,13.3946899
5734,Via Vittorio Veneto, 4,GERGOLET,00475120317,33050,BAGNARIA ARSA,01/05/2015,45.8875379,13.3013204
5735,Piazza Municipio, 16,PERAZZI,03100170988,33050,TRIVIGNANO UDINESE,01/03/2013,45.9463974,13.3400131
5736,Via Roma, 52,Farmacia San Vito Del Dott. Vincenzo Gislao,02001410675,33050,SAN VITO AL TORRE,01/05/2018,45.8955628,13.3704672
5737,VIA MONTELLO, 35,FLEBUS MARIA GRAZIA,01523620308,33040,VISCO,01/01/2005,45.8921694,13.3465868
5738,Via Roma, 28,ROMANO LUCIANO,01501450306,33055,MUZZANA DEL TURGNANO,01/01/2005,45.8173997,13.1274286
5739,Borgo Aquileia, 22,LIPOMANI ROBERTO & C. SNC,01665700306,33057,PALMANOVA,01/07/2017,45.9035245,13.3099186
5740,Piazza Caduti della Julia, 27,AL DUOMO DOTT. N. ROMANO E DELLA DR.SSA P. ALESSI SNC,02282980305,33053,LATISANA,01/03/2013,45.7763688,12.99748
5741,VIA LIGNANO SABBIADORO, 82,MARIO ANTONELLA,03807940279,33050,LATISANA,01/01/2008,45.759757,13.0296158
5742,Piazza Roma, 1,CACCIA STEFANO,01808290306,33050,PRECENICCO,01/03/2013,45.7895193,13.0786842877564
5743,Via Edmondo De Amicis, 64,FARMACIA DOTT. BEATRICE TANCREDI SARPI COLLINA,01875870303,33050,GONARS,01/06/2017,45.8962949,13.2371208
5744,VIA BASSI, 2,PEZ ODDONE,01913950307,33050,POCENIA,01/01/2005,45.8332844,13.0989888
5745,Via Roma, 50,DA ROS FRANCO,02662650304,33040,CHIOPRIS-VISCONE,01/02/2016,45.9262445,13.4032528
5746,Via Palmanova, 5/A,QUALIZZA LUCIA SAS,02792050300,33050,BICINICCO,01/07/2017,45.9303902,13.2496521
5747,Via Roma, 59/D,PERISSINOTTI DI GIOVANNI PERSINOTTI & C SNC,02794820304,33056,PALAZZOLO DELLO STELLA,01/07/2017,45.8035094,13.0732339
5748,Piazza 2 Maggio 1945, 3,TOLDI DEI DR.I GIOVANNI E BENEDETTA BAITI SNC,02455070306,33058,SAN GIORGIO DI NOGARO,01/09/2007,45.831005,13.212245
5749,Via 2 Giugno, 4,MENON FERESIN SNC DI LUCIA GRAZIA MENON E ISABELLA FERESIN,02783630300,33050,TERZO DAQUILEIA,01/07/2017,45.7988616,13.3511263
5750,Piazza XX Settembre, 6,DE FINA MICHELE SNC,02665890303,33058,SAN GIORGIO DI NOGARO,01/07/2017,,
5751,Via Bersagliere, 27/a,Farmacia Gaion Favaretto S.n.c. Delle Dott.sse Tiziana Gaion E Paola Favaretto,02908040302,33061,TEOR,01/02/2018,,
5755,Via S. Margherita, 31,VIDALE SNC DEI DOTTORI EUGENIA ED EFREM VIDALE,01707910939,33098,ARZENE,01/07/2017,,
5756,Via del Progresso, 1/bis,COMUNALE S.VITO TAGLIAMENTO,00242130938,33078,SAN VITO AL TAGLIAMENTO,01/01/2005,45.9181076,12.8677141
5757,via Valvason Corbello, 8,ALL'ANNUNZIATA DR. BONO SANDRA,01240740934,33098,VALVASONE,01/02/2017,45.9969858,12.8605529
5758,Piazza del Popolo, 17,FARMACIA MAINARDIS DEL DR. CESARE MAINARDIS E C. SNC,01507940938,33078,SAN VITO AL TAGLIAMENTO,01/02/2015,45.9150151,12.855485
5759,Via Friuli, 19/D,ALLA SALUTE DEL DOTTOR STIVAL GIANCARLO,01708690936,33079,SESTO AL REGHENA,01/07/2017,45.8444058,12.8124739
5760,Via G. Infanti, 15,Farmacia Borin S.n.c. Del Dott. Riccardo Arrighi E C.,01249900935,33075,MORSANO AL TAGLIAMENTO,01/03/2018,,
5761,Via Santa Caterina, 28,COLLOVINI GIULIO,01536060930,33083,CHIONS,01/09/2010,45.8471611,12.7091295
5762,Via Principale, 11,FALZARI SNC DEI DR.I FALZARI FURIO & MARCELLO,01798290936,33096,SAN MARTINO AL TAGLIAMENTO,01/07/2017,,
5763,Piazza del Popolo, 50,BEGGIATO DI CIVIDINI ELEONORA,01266680931,33078,SAN VITO AL TAGLIAMENTO,01/02/2015,45.9152191,12.8562363
5764,Corso Roma, 22,DELLA TORRE SNC DEI DOTT. RI GIOVANNI E ALISSA QUAGLIARELLO,01768930933,33097,SPILIMBERGO,01/07/2017,46.1113138,12.8997792
5765,Via XX Settembre, 49,ALES MASSIMO,01187590938,33094,PINZANO AL TAGLIAMENTO,01/02/2015,46.1832503,12.9548011
5766,Via Roma, 12,ALBINI ETTORE,01049300930,33092,FANNA,01/01/2005,46.186093,12.7526812
5767,Via Principale, 23,DALLE FRATTE FRANCESCO,00109320937,33093,MEDUNO,01/02/2017,46.2169341,12.7842592
5768,Via Umberto I, 39,FIORETTI FRANCESCO SAS,-,33085,MANIAGO,01/07/2017,,
5769,Via Cavour 57,,Farmacia Della Torre Snc,01768930933,33097,SPILIMBERGO,01/07/2018,,
5770,Via Fabio di Maniago, 21,TRE EFFE & C. SAS DELLA DOTT.SSA FRANCESCA FIORI,01699770937,33085,MANIAGO,01/01/2012,46.1710519,12.7094485
5771,Via Giovanni Maria Fabricio, 17,MAZZILLI VINCENZO,07228840729,33090,CLAUZETTO,01/01/2012,,
5772,Via Antonio Giordani, 18,VALCELLINA CHIARADIA ROBERTA,01486070939,33080,CLAUT,01/03/2013,46.2685807,12.5145164
5773,Via Stretta, 2,ZARDO DI CUDUGNOTTO,01249660935,33095,SAN GIORGIO DELLA RICHINVELDA,01/01/2008,46.0459782,12.8663172
5774,Corso Roma, 40,FARMACIA SANTORINI S.A.S. DI SANTORINI CRISTINA & C.,01555130937,33097,SPILIMBERGO,01/12/2016,46.1113262,12.9004508
5775,Via Roma, 3,IOGNA PRAT DOTT. STEFANO,-,33090,TRAVESIO,01/07/2017,46.1956302,12.8706809
5776,Piazza Paolo da Bagellardo da Fiume, 2,STRAZZOLINI SAS DI LORETTA STRAZZOLINI & C.,01752820934,33080,FIUME VENETO,01/07/2017,,
5777,Via Sclavons, 54/a,COMUNALE CORDENONS,00142410935,33084,CORDENONS,01/09/2010,45.9799623,12.6961915
5778,Via Trieste, 22/A,TROJANI DEL DR. VALENTINO TROJANI & C. SAS,01598550935,33080,ZOPPOLA,01/08/2016,45.9652679,12.7745521
5779,Via Roma, 90,ROMOR EMILIA,00628510935,33087,PASIANO DI PORDENONE,01/01/2005,45.8501389,12.6283377
5780,Viale Martelli, 40,ZARDO UMBERTO,01173310937,33170,PORDENONE,01/01/2005,,
5781,Piazza G. Micoli Toscano, 1,MOLINARI FRANCA,01079070932,33080,ZOPPOLA,01/01/2005,,
5782,Viale Grigoletti, 71,S.LORENZO DOTT.SSA PREZIOSO ANITA,02845600309,33170,PORDENONE,01/07/2017,,
5783,Via Trieste, 130,SANGIANANTONI GIANFRANCO,01213140930,33081,AVIANO,01/01/2008,46.0979709,12.5958995
5784,Via A. Gabelli, 4,COMUNALI FVG SPA - PORCIA,01334360938,33080,PORCIA,01/02/2015,,
5785,Corso Italia, 2/A,DE LUCCA GIANPAOLO,02491510265,33080,PORCIA,01/01/2005,45.9688528,12.611384
5786,Via Roma, 8/10,ALL'IGEA SAS DEL DR. RENZO TOFFOLO & C.,01769860931,33080,PORCIA,01/07/2017,45.961541,12.6125165
5787,Via Montereale, 61,COMUNALE VIA MONTEREALE,00081570939,33170,PORDENONE,01/10/2010,45.9713814,12.6502307
5788,Via Gemelli, 3,MADONNA DELLE GRAZIE,01551010935,33170,PORDENONE,01/01/2005,,
5789,Via Piazzetta, 5,BESA BERNARDO LEONARDO,01063230930,33080,SAN QUIRINO,01/01/2008,46.0362143,12.6787626
5790,Via G. Mazzini, 7,CENTRALE MEDINA ANNA MARIA & C. SAS,01768800938,33084,CORDENONS,01/07/2017,,
5791,Corso Vittorio Emanuele Ii, 35,Farmacia Rimondi S.r.l.,01823380934,33170,PORDENONE,01/06/2018,,
5792,Via Mazzini, 11/a,Farmacia Zanetti S.a.s. Del Dott. Mario Zanetti,01840060931,33081,AVIANO,01/05/2018,,
5793,Viale Michelangelo Grigoletti, 1,COMUNALE VIALE GRIGOLETTI,00081570939,33170,PORDENONE,01/09/2010,45.9626716,12.654254
5794,Via D.Alighieri, 2,POLETTI GIORGIO,01064830936,33070,BRUGNERA,01/03/2013,,
5795,via della Chiesa, 5 - VILLANOVA,QUERINI AMEDEO,01249730936,33080,PRATA DI PORDENONE,01/03/2013,,
5796,Piazza Julia, 11,BERTOLINI DEI DR.I BERTOLINI ANDREA E BERTOLINI GIANPIETRO SNC,01632740930,33074,FONTANAFREDDA,01/12/2016,45.9897307,12.5471908
5797,Via Roma, 32/a,Farmacia Dottori Benetti 1933 S.a.s. Della Dott.ssa Giulia Benetti,01840660938,33081,AVIANO,01/05/2018,46.0667704,12.5874867
5798,Via Cappuccini, 11,COMUNALE V.CAPPUCCINI,00081570939,33170,PORDENONE,01/02/2015,45.9544098,12.6540749
5799,Piazza Liberta, 71,INNOCENTE SNC,01533800932,33082,AZZANO DECIMO,01/02/2015,45.881871,12.7141084
5800,Via S. Valentino, 23,PALUDO GIORGIO,01135660932,33170,PORDENONE,01/04/2013,45.9672765,12.6667224
5801,Via Santarossa, 26,NASSIVERA PAOLO,00241520931,33070,BRUGNERA,01/01/2005,45.8948808,12.5556494
5802,Via Martiri Garibaldini, 3,SOMMACAL SNC DI SOMMACAL ANNA MARIA E SOMMACAL TIZIANO,01576060931,33070,CANEVA,01/04/2007,45.9684114,12.4478731
5803,Via Giuseppe Garibaldi, 21,ALL'ESCULAPIO DOTT. ROMOR GINO,00382990935,33077,SACILE,01/02/2015,45.9536684,12.5004478
5804,Via Ettoreo, 4,COMUNALE S.GREGORIO,00262850936,33077,SACILE,01/01/2005,45.9566579,12.4992570668046
5805,Via Sacile, 2,BONIN SAS DEL DOTT. MASSIMILIANO BONIN & C.,01768810937,33070,CANEVA,01/07/2017,45.9797977,12.4818404
5806,Piazza Garibaldi, 9,SANSON RINALDO,03081530267,33087,PASIANO DI PORDENONE,01/02/2015,,
5807,Via Ciotti, 57/a,TRE EFFE & C. SAS DELLA DOTT.SSA FRANCESCA FIORI,01699770937,33086,MONTEREALE VALCELLINA,01/04/2013,,
5808,Via Macilas, 1,MARANGONI ALBERTA,01300920939,33090,VITO DASIO,01/01/2008,46.233651,12.959011
5809,Via Panizzut, 6/A,DUE MONDI DI KAHOL NABIL KHALIL,01740550932,33070,BUDOIA,01/07/2017,46.0425006,12.5315713
5810,Via Roma, 6/B,DE PIZZOL SANDRA,03163390267,33099,VIVARO,01/04/2013,,
5811,Piazza Risorgimento, 27,BADANAI SCALZATO EMILIO,01318590930,33170,PORDENONE,01/01/2008,45.9594744,12.6629318
5812,Via Pordenone, 89/91,FURLANIS DEI DR.I PAOLO E ANNAROSA FURLANIS SNC,01632410930,33070,POLCENIGO,01/09/2010,46.0159303,12.5145878
5813,Via Giuseppe Mazzini, 70,AI DUE GIGLI SALBEGO GIANBATTISTA,01329430936,33084,CORDENONS,01/09/2010,45.9880614,12.7066155
5814,Corso Vittorio Emanuele II, 21/e,ALLA FEDE DOTT. DE TONI ANDREA,01544980939,33170,PORDENONE,01/02/2015,,
5815,Viale San Bartolomeo, 23,SOLERO GIUSEPPE,01338000936,33080,VAJONT,01/01/2008,46.1470315,12.6988022
5816,Via Corva, 11,SELVA GIUSEPPE,01357320934,33082,AZZANO DECIMO,01/02/2015,45.8959953,12.6730958
5817,Via Vittorio Emanuele, 25,FARMACIA ROSA DR. SANTE SNC DEI DOTT. ANNA VALENTINA ROSA E GIOVANNI R,01507890935,33090,ARBA,01/02/2015,46.1461189,12.7908225
5818,Via Giosue Carducci, 17,BORSATTI GIOVANNI,01376770937,33170,PORDENONE,01/01/2005,45.9422965,12.6688963
5819,Via Alessandro Manzoni, 24,AVEZZU' ROBERTA,01376760938,33080,FIUME VENETO,01/01/2005,45.9196914,12.7588088
5820,Via S. Lucia, 42/c,GODEAS CRISTINA,01382510939,33071,SESTO AL REGHENA,01/02/2015,,
5821,Via Battaglione Gemona, 79,BARIANI DEL DR. ROBERTO BARIANI,01648870937,33073,CORDOVADO,01/02/2015,45.8457432,12.8807281
5822,Via Grigoletti, 5,D'ANDREA MASSIMILIANO,01415060936,33074,FONTANAFREDDA,01/02/2015,,
5823,Via Carducci, 16,D'ANDREA MAURIZIO,01417020938,33080,ROVEREDO IN PIANO,01/01/2008,,
5824,Via Dante, 51 - LESTANS,NAZZI GIANCARLO,02173780301,33090,SEQUALS,01/02/2015,,
5825,Via Udine, 19,CRISTOFOLI LUCIA,01464470937,33072,CASARSA DELLA DELIZIA,01/04/2013,45.9552075,12.8436915
5826,Via Piave,  93,BELLAVITIS DI ANNA BELLAVITIS  & C. SAS,01599910930,33170,PORDENONE,01/04/2013,45.9699555,12.6760163
5827,Piazza Manin, 11/12,BECHI ALBERTO,01043990934,33077,SACILE,01/01/2008,,
5828,Via Opitergina, 40,BISATTI ANNA VITTORIA,00732170253,33080,PRATA DI PORDENONE,01/08/2016,45.897168,12.6001496914666
5829,Via Bertolissi, 9,FARMACIA ALLA STAZIONE DOTT. FRANCESCO POZZA,04466400266,33077,SACILE,01/01/2012,45.94745,12.50012
5830,Via Roma, 123,PRINCIVALLI MICHELE,00635810930,33076,PRAVISDOMINI,01/02/2015,45.8197291,12.698313
5831,Corso Garibaldi, 26,KOSSLER CARLO,01482420930,33170,PORDENONE,01/01/2005,,
5832,Via Plebiscito, 50/52,BELLOT FRANCESCA,04362301212,33072,CASARSA DELLA DELIZIA,01/02/2015,45.9424964,12.8373072
16374,Via Stazione, 60,SBUELZ SNC  DEI DOTTORI SBUELZ MARIA E RACCANELLO GIOVANNIA,02592520304,33044,MANZANO,01/06/2010,45.9893121,13.3778994
16580,Raggio dellOstro, 12,AZIENDA SPECIALE FARMACIA,00827170309,33054,LIGNANO SABBIADORO,01/01/2005,45.6678413,13.1061949
17527,Viale Rimembranze, 51,COMUNALE DI AZZANO SRL,01537900936,33082,AZZANO DECIMO,01/09/2010,45.8835196,12.7074798
17753,Via Udine, 2,VERZWGNIS DEL DOTT. FRANCESCO RUGGERO PANATTA & C. S.A.S.,02858990308,33020,VERZEGNIS,01/07/2016,46.3897373,12.9936311
17907,Via Tredolo, 1,Farmacia Varmost S.a.s. Della Dott.ssa Emanuela Graziani,02709210302,33020,FORNI DI SOTTO,01/06/2018,46.3936401,12.6718342
17981,Via Don Cum, 1,COMUNALI FVG SPA - PALSE,01334360938,33080,PORCIA,01/03/2015,45.9470395,12.6053268
18015,Piazza di Prampero B., 7/A,COMUNALE DI TAVAGNACCO SRL,-,33010,TAVAGNACCO,01/04/2007,,
18016,Via Monfalcone, 7,COMUNALE CITTA'  SRL DI CERVIGNANO AUSA SERVIZI SALUTE,02408480305,33052,CERVIGNANO DEL FRIULI,01/08/2007,45.8133495,13.3499041
18503,Via Pradileva, 2,MORET LORETTA,04372280265,33090,TRAMONTI DI SOTTO,01/08/2010,,
18504,Via Roma, 19,Simone Patrizia,03607990243,33092,CAVASSO NUOVO,01/07/2017,46.1952572,12.7699994
18513,Piazzale Gemona, 2,CANNISTRARO,01673810931,33033,CODROIPO,01/03/2013,45.9573224,12.9957712
18521,Corso Marconi, 10,RUTTER,02543740308,33040,CAMPOLONGO TAPOGLIANO,01/03/2013,,
18527,Via Roma, 15/B,SCARABELLO SILVIA,04181720281,33080,CIMOLAIS,01/03/2013,46.2867024,12.4355536
18528,Via Mameli, 41,COMUNALE S. MICHELE,00262850936,33077,SACILE,01/03/2015,,
18537,Via Scuole, 9,RAJGELJ CHIARA,01120560311,34076,MEDEA,01/03/2013,45.9170065,13.4249152
18545,Via Giotto, 24,PERISSINOTTI SNC DI  DI ANNA PERISSINOTTI & C.,01769040930,33084,CORDENONS,01/07/2017,45.983994,12.685909
18554,Via Taviele, 3,KASPAR VLADIMIR,02716930306,33020,CERCIVENTO,01/07/2017,46.5269868,12.9864888
18563,Via Buonarroti, 10,Corazza Rodolfo,04385510260,34070,CAPRIVA DEL FRIULI,01/07/2017,,
18585,Via G. Ellero, 14,EMANUELE MARIA RITA,03127780835,33090,SEQUALS,01/03/2013,46.1671334,12.8294754
18595,Localit� Paludea, 34,Boscarol Luigina,01686900935,33090,CASTELNOVO DEL FRIULI,01/07/2017,,
18600,Via San Floriano, 6/1,SARNO BRUNELLA,-,33080,FRISANCO,01/05/2011,,
18608,S. Floriano,,SARNO DOTT.SSA BRUNELLA,01691110934,33080,FRISANCO,01/05/2011,46.21548355,12.7145356108969
18631,Via Gen. Morozzo della Rocca, 5,COMUNALI FVG SPA - TAMAI,01334360938,33070,BRUGNERA,01/02/2015,,
18637,Via Capoluogo, 147,Buonocore,02668800309,33040,TAIPANA,01/07/2017,,
18641,Via Isola, 2,Fraternali,02459330417,33010,MONTENARS,01/07/2017,,
18643,Via Dei Venier, 1/a,Comunale Di Campagna,01334360938,33085,MANIAGO,01/07/2017,46.149721,12.746941
18655,Via Giulio Cesare, 1,GEATTI,02663070304,33020,ZUGLIO,01/03/2013,46.461961,13.0260697
18693,Fraz.Esemon di Sopra, 30/1,PATRUNO,02705630305,33029,RAVEO,01/04/2013,,
18708,Via Francesco Petrarca, 15,ERBE DI CERCIVENTO DI LAZZARI PATRIZIA,02635630300,34070,MORARO,01/03/2013,45.9304362,13.4950964
18786,Via Vittorio Veneto, 74,Farmacie Comunali Fvg Spa - Villotta,01334360938,33083,CHIONS,01/07/2017,45.8629158,12.7556559
18901,Frazione Clodig, 31,PEDUTO,05205350654,33040,GRIMACCO,01/03/2014,46.1567564,13.5934913
19063,Piazza IV Novembre, 22,S.G.S. DI FRANCO SANTI & C. SNC,02828630307,33030,CAMPOFORMIDO,01/02/2016,,
19389,Via Principale, 4-6,Farmacia Di Passons S.n.c.,02873010306,33037,PASIAN DI PRATO,01/07/2017,46.0695612,13.1884077
19390,Viale Della Libert�, 41,Farmacia Liberta' Di Valdevit Giuseppina E Rocchini Eliana S.n.c.,01815060932,33170,PORDENONE,01/07/2017,,
19391,Piazza Foraggi, 4/a,Farmacia Foraggi Snc Di Valeria Falagiani E C.,01288000324,34138,TRIESTE,01/07/2017,,
19394,Piazza San Paolino, 9/4,FARMACIA ALLA TORRE ANTICA DI MARINA FLEGO E ANNA MARIA MUSSO S.N.C.,02871810301,33050,POVOLETTO,01/07/2017,,
19395,Via Xxvii Febbraio 1511, 1,"Farmacia San Rocco S.n.c Delle Dott.sse Bahous Jacqueline, Cristante Alice E Maniori Silvia",01814540934,33078,SAN VITO AL TAGLIAMENTO,01/07/2017,,
19398,Viale S. Giovanni Del Tempio,,Farmacia Vittoria S.n.c. Dei Dottori Angelo Giambalvo Gianna Vido E Sara Della Giustina,01812570933,33077,SACILE,01/07/2017,45.9628134,12.5216704
19404,Via Tamai, 1,Farmacia Zanon Dr.ssa Stefania,04848020261,33080,PRATA DI PORDENONE,01/07/2017,45.9046103,12.596465
19405,Via Martignacco, 227,"Farmacia Del Sole S.n.c. Di Cescutti Silvio, Verardo Nicola E Zanette Caterina",02872600305,33100,UDINE,01/07/2017,46.0737519,13.2101646
19411,Via Tacco, 6,Farmacia San Marco S.n.c.,01291840328,34144,TRIESTE,01/07/2017,45.640457,13.774943
19412,Viale Palmanova, 284,Farmacia Palmanova 284 S.n.c. Di Dott.ssa Porcedda & C.,02879230304,33100,UDINE,01/07/2017,46.0401356,13.2536535
19418,Via del Cotonificio, 129,FARMACIA SIMONE DR.SSA PATRIZIA,03607990243,33100,UDINE,01/03/2017,46.0801784,13.2186462
19419,Via Lignano, 41,Farmacia Sant'Andrea Del Dr. Mario Codarin,02882080308,33050,POZZUOLO DEL FRIULI,01/07/2017,46.0153111,13.2116422
19420,Via Unit� DItalia, 12,Farmacia Di Tauriano S.n.c.,01815250939,33097,SPILIMBERGO,01/07/2017,,
19477,Via Stadio , 2,FARMACIA DI NAVE SNC DELLE DR.SSE GOBBO E. E ZAVATARELLI M.,01821760939,33074,FONTANAFREDDA,01/05/2017,45.9787673,12.5016371
19864,Viale Treviso 34,,Farmacia Naonis S.n.c. Delle Dr.sse Chiara Cestaro E Chiara Zanatta,01824740938,33170,PORDENONE,01/02/2018,45.9270973,12.6428461
19886,Via Delle Scuole, 17,Farmacia Di Villanova S.n.c. Dei Dottori Cristina Busatto E Guido Antonelli,02888570302,33048,SAN GIOVANNI AL NATISONE,01/03/2018,45.9770647,13.4002597
19893,Via Montello," 23,25",Farmacia Rosa Dei Venti S.n.c. Delle Dr.sse Cristina Battistella E Rossana Chiaradia,01824460933,33080,ZOPPOLA,01/03/2018,45.9500624,12.7590196382011
19915,Piazzale Vittorio Veneto, 6,Farmacia Citta' Alpina S.n.c. Delle Dott.sse Spangher L.a. E Murer D.,02915420307,33028,TOLMEZZO,01/03/2018,46.4020924,13.019478